{
  "number_y_ratio": 0.14134453781512604,
  "number_x_right_ratio": 0.9334916864608076,
  "number_fontsize": 12,
  "amount_y_ratio": 0.6378991596638656,
  "amount_left_ratio": 0.26009501187648454,
  "amount_right_ratio": 0.7238717339667459,
  "amount_fontsize": 28
}